algorithm,latency_ms,mean_lwsd,mean_error_mm
basalt,0,0.0208,51.958
basalt,25,0.5258,52.580
basalt,50,1.1883,59.416
basalt,75,2.0893,69.645
basalt,100,3.2760,81.900
basalt,125,4.7798,95.596
basalt,150,6.6038,110.064
basalt,175,8.7515,125.022
basalt,200,11.2227,140.283
basalt,225,14.0193,155.770
basalt,250,17.1379,171.379
basalt,275,20.5809,187.099
basalt,300,24.3429,202.857
basalt,325,28.4270,218.669
basalt,350,32.8262,234.473
basalt,375,37.5447,250.298
basalt,400,42.5741,266.088
basalt,425,47.9196,281.880
basalt,450,53.5714,297.619
basalt,475,59.5360,313.347
basalt,500,65.8026,329.013
basalt,525,72.3787,344.661
basalt,550,79.2521,360.237
basalt,575,86.4313,375.788
basalt,600,93.9037,391.265
basalt,625,101.6784,406.713
basalt,650,109.7411,422.081
basalt,675,118.1026,437.417
basalt,700,126.7482,452.672
basalt,725,135.6884,467.891
basalt,750,144.9079,483.026
basalt,775,154.4191,498.126
basalt,800,164.2059,513.143
basalt,825,174.2802,528.122
basalt,850,184.6255,543.016
basalt,875,195.2555,557.873
basalt,900,206.1532,572.648
basalt,925,217.3309,587.381
basalt,950,228.7722,602.032
basalt,975,240.4911,616.644
basalt,1000,252.4700,631.175
kimera,0,0.0584,145.933
kimera,25,1.4572,145.719
kimera,50,2.9686,148.431
kimera,75,4.6086,153.621
kimera,100,6.4367,160.918
kimera,125,8.4944,169.889
kimera,150,10.8091,180.152
kimera,175,13.3922,191.317
kimera,200,16.2589,203.237
kimera,225,19.4110,215.677
kimera,250,22.8633,228.633
kimera,275,26.6095,241.904
kimera,300,30.6671,255.559
kimera,325,35.0216,269.397
kimera,350,39.6949,283.535
kimera,375,44.6637,297.758
kimera,400,49.9546,312.216
kimera,425,55.5363,326.684
kimera,450,61.4416,341.342
kimera,475,67.6317,355.956
kimera,500,74.1467,370.734
kimera,525,80.9403,385.430
kimera,550,88.0598,400.272
kimera,575,95.4512,415.005
kimera,600,103.1693,429.872
kimera,625,111.1525,444.610
kimera,650,119.4630,459.473
kimera,675,128.0317,474.191
kimera,700,136.9281,489.029
kimera,725,146.0760,503.710
kimera,750,155.5518,518.506
kimera,775,165.2723,533.137
kimera,800,175.3209,547.878
kimera,825,185.6073,562.446
kimera,850,196.2220,577.123
kimera,875,207.0681,591.623
kimera,900,218.2425,606.229
kimera,925,229.6423,620.655
kimera,950,241.3705,635.186
kimera,975,253.3181,649.533
kimera,1000,265.5942,663.985
openvins,0,0.0369,92.152
openvins,25,0.9105,91.054
openvins,50,1.8722,93.609
openvins,75,3.0045,100.152
openvins,100,4.3676,109.189
openvins,125,6.0285,120.571
openvins,150,7.9924,133.207
openvins,175,10.3088,147.269
openvins,200,12.9551,161.939
openvins,225,15.9726,177.473
openvins,250,19.3313,193.313
openvins,275,23.0700,209.728
openvins,300,27.1518,226.265
openvins,325,31.6157,243.197
openvins,350,36.4217,260.155
openvins,375,41.6107,277.405
openvins,400,47.1394,294.621
openvins,425,53.0489,312.052
openvins,450,59.2931,329.406
openvins,475,65.9148,346.920
openvins,500,72.8663,364.332
openvins,525,80.1932,381.872
openvins,550,87.8452,399.296
openvins,575,95.8704,416.828
openvins,600,104.2163,434.235
openvins,625,112.9334,451.734
openvins,650,121.9669,469.103
openvins,675,131.3694,486.553
openvins,700,141.0841,503.872
openvins,725,151.1659,521.262
openvins,750,161.5557,538.519
openvins,775,172.3111,555.842
openvins,800,183.3698,573.031
openvins,825,194.7926,590.281
openvins,850,206.5144,607.395
openvins,875,218.5986,624.567
openvins,900,230.9775,641.604
openvins,925,243.7171,658.695
openvins,950,256.7474,675.651
openvins,975,270.1368,692.659
openvins,1000,283.8128,709.532
orbslam3,0,0.0110,27.416
orbslam3,25,0.2788,27.880
orbslam3,50,0.7677,38.383
orbslam3,75,1.5853,52.843
orbslam3,100,2.7589,68.972
orbslam3,125,4.2846,85.692
orbslam3,150,6.1698,102.830
orbslam3,175,8.4049,120.071
orbslam3,200,11.0004,137.505
orbslam3,225,13.9419,154.910
orbslam3,250,17.2442,172.442
orbslam3,275,20.8874,189.886
orbslam3,300,24.8918,207.432
orbslam3,325,29.2313,224.856
orbslam3,350,33.9324,242.374
orbslam3,375,38.9619,259.746
orbslam3,400,44.3531,277.207
orbslam3,425,50.0659,294.505
orbslam3,450,56.1405,311.892
orbslam3,475,62.5297,329.104
orbslam3,500,69.2806,346.403
orbslam3,525,76.3393,363.521
orbslam3,550,83.7596,380.726
orbslam3,575,91.4806,397.742
orbslam3,600,99.5631,414.846
orbslam3,625,107.9392,431.757
orbslam3,650,116.6769,448.757
orbslam3,675,125.7013,465.561
orbslam3,700,135.0874,482.455
orbslam3,725,144.7532,499.149
orbslam3,750,154.7807,515.936
orbslam3,775,165.0813,532.520
orbslam3,800,175.7433,549.198
orbslam3,825,186.6720,565.673
orbslam3,850,197.9620,582.241
orbslam3,875,209.5123,598.607
orbslam3,900,221.4238,615.066
orbslam3,925,233.5893,631.322
orbslam3,950,246.1161,647.674
orbslam3,975,258.8904,663.821
orbslam3,1000,272.0259,680.065
rovio,0,0.1858,464.582
rovio,25,4.6452,464.520
rovio,50,9.3045,465.227
rovio,75,14.0014,466.714
rovio,100,18.7588,468.971
rovio,125,23.5975,471.951
rovio,150,28.5351,475.585
rovio,175,33.5883,479.833
rovio,200,38.7723,484.654
rovio,225,44.1025,490.027
rovio,250,49.5920,495.920
rovio,275,55.2541,502.310
rovio,300,61.0999,509.166
rovio,325,67.1401,516.462
rovio,350,73.3820,524.157
rovio,375,79.8345,532.230
rovio,400,86.5027,540.642
rovio,425,93.3945,549.379
rovio,450,100.5126,558.403
rovio,475,107.8649,567.710
rovio,500,115.4523,577.262
rovio,525,123.2824,587.059
rovio,550,131.3543,597.065
rovio,575,139.6758,607.286
rovio,600,148.2445,617.685
rovio,625,157.0676,628.270
rovio,650,166.1414,639.005
rovio,675,175.4737,649.903
rovio,700,185.0594,660.926
rovio,725,194.9056,672.088
rovio,750,205.0062,683.354
rovio,775,215.3692,694.739
rovio,800,225.9873,706.210
rovio,825,236.8686,717.784
rovio,850,248.0050,729.427
rovio,875,259.4052,741.158
rovio,900,271.0595,752.943
rovio,925,282.9761,764.800
rovio,950,295.1451,776.698
rovio,975,307.5754,788.655
rovio,1000,320.2562,800.641
svo2,0,0.0332,82.883
svo2,25,0.8274,82.737
svo2,50,1.7359,86.793
svo2,75,2.8203,94.011
svo2,100,4.1475,103.688
svo2,125,5.7538,115.076
svo2,150,7.6573,127.621
svo2,175,9.8684,140.978
svo2,200,12.3925,154.906
svo2,225,15.2352,169.280
svo2,250,18.3957,183.957
svo2,275,21.8774,198.886
svo2,300,25.6761,213.967
svo2,325,29.7955,229.196
svo2,350,34.2293,244.495
svo2,375,38.9820,259.880
svo2,400,44.0452,275.283
svo2,425,49.4247,290.733
svo2,450,55.1098,306.165
svo2,475,61.1074,321.618
svo2,500,67.4061,337.031
svo2,525,74.0144,352.449
svo2,550,80.9186,367.812
svo2,575,88.1289,383.169
svo2,600,95.6311,398.463
svo2,625,103.4357,413.743
svo2,650,111.5276,428.952
svo2,675,119.9183,444.142
svo2,700,128.5918,459.257
svo2,725,137.5606,474.347
svo2,750,146.8079,489.360
svo2,775,156.3471,504.345
svo2,800,166.1610,519.253
svo2,825,176.2627,534.129
svo2,850,186.6352,548.927
svo2,875,197.2921,563.692
svo2,900,208.2158,578.377
svo2,925,219.4208,593.029
svo2,950,230.8885,607.601
svo2,975,242.6340,622.138
svo2,1000,254.6388,636.597
vins_fusion,0,0.0630,157.480
vins_fusion,25,1.5711,157.111
vins_fusion,50,3.1794,158.968
vins_fusion,75,4.8909,163.031
vins_fusion,100,6.7616,169.040
vins_fusion,125,8.8291,176.582
vins_fusion,150,11.1246,185.410
vins_fusion,175,13.6718,195.311
vins_fusion,200,16.4855,206.069
vins_fusion,225,19.5763,217.514
vins_fusion,250,22.9507,229.507
vins_fusion,275,26.6146,241.951
vins_fusion,300,30.5721,254.767
vins_fusion,325,34.8267,267.898
vins_fusion,350,39.3806,281.290
vins_fusion,375,44.2348,294.898
vins_fusion,400,49.3897,308.686
vins_fusion,425,54.8449,322.617
vins_fusion,450,60.6002,336.668
vins_fusion,475,66.6542,350.811
vins_fusion,500,73.0067,365.033
vins_fusion,525,79.6552,379.311
vins_fusion,550,86.6001,393.637
vins_fusion,575,93.8381,407.992
vins_fusion,600,101.3701,422.375
vins_fusion,625,109.1918,436.767
vins_fusion,650,117.3049,451.173
vins_fusion,675,125.7041,465.571
vins_fusion,700,134.3921,479.972
vins_fusion,725,143.3624,494.353
vins_fusion,750,152.6188,508.729
vins_fusion,775,162.1538,523.077
vins_fusion,800,171.9723,537.413
vins_fusion,825,182.0655,551.714
vins_fusion,850,192.4398,565.999
vins_fusion,875,203.0850,580.243
vins_fusion,900,214.0083,594.468
vins_fusion,925,225.1984,608.644
vins_fusion,950,236.6642,622.800
vins_fusion,975,248.3929,636.905
vins_fusion,1000,260.3946,650.986
